player_key,player_name,draft_year,pick,ws,vorp,country,is_international
karl anthony towns,Karl-Anthony Towns,2015,1,94.6,38.5,United States,False
d angelo russell,D'Angelo Russell,2015,2,26.5,12.4,United States,False
jahlil okafor,Jahlil Okafor,2015,3,7.2,0.0,United States,False
kristaps porzingis,Kristaps Porziņģis,2015,4,50.4,18.9,Latvia,True
mario hezonja,Mario Hezonja,2015,5,3.2,-1.2,Croatia,True
willie cauley stein,Willie Cauley-Stein,2015,6,23.3,4.4,United States,False
emmanuel mudiay,Emmanuel Mudiay,2015,7,-0.2,-2.2,Democratic Republic of the Congo,True
stanley johnson,Stanley Johnson,2015,8,6.9,-1.6,United States,False
frank kaminsky,Frank Kaminsky,2015,9,15.9,3.7,United States,False
justise winslow,Justise Winslow,2015,10,8.2,-0.3,United States,False
myles turner,Myles Turner,2015,11,51.7,13.5,United States,False
trey lyles,Trey Lyles,2015,12,22.0,3.0,Canada,True
devin booker,Devin Booker,2015,13,58.0,20.2,United States,False
cameron payne,Cameron Payne,2015,14,14.8,3.2,United States,False
kelly oubre,Kelly Oubre Jr.,2015,15,27.6,0.8,United States,False
terry rozier,Terry Rozier,2015,16,30.6,10.1,United States,False
rashad vaughn,Rashad Vaughn,2015,17,-0.6,-1.2,United States,False
sam dekker,Sam Dekker,2015,18,5.4,0.5,United States,False
jerian grant,Jerian Grant,2015,19,8.3,0.5,United States,False
delon wright,Delon Wright,2015,20,28.9,11.1,United States,False
justin anderson,Justin Anderson,2015,21,4.9,0.4,United States,False
bobby portis,Bobby Portis,2015,22,36.6,6.8,United States,False
rondae hollis jefferson,Rondae Hollis-Jefferson,2015,23,12.9,2.3,United States,False
tyus jones,Tyus Jones,2015,24,34.9,9.2,United States,False
jarell martin,Jarell Martin,2015,25,3.2,-1.7,United States,False
nikola milutinov,Nikola Milutinov,2015,26,0.0,0.0,United States,False
larry nance,Larry Nance Jr.,2015,27,35.2,10.1,United States,False
r j hunter,R.J. Hunter,2015,28,0.4,0.0,United States,False
chris mccullough,Chris McCullough,2015,29,0.6,-0.1,United States,False
kevon looney,Kevon Looney,2015,30,38.1,6.2,United States,False
cedi osman,Cedi Osman,2015,31,12.5,-0.3,Turkey,True
montrezl harrell,Montrezl Harrell,2015,32,42.9,12.2,United States,False
jordan mickey,Jordan Mickey,2015,33,0.5,-0.3,United States,False
anthony brown,Anthony Brown,2015,34,-0.2,-0.6,United States,False
willy hernangomez,Willy Hernangómez,2015,35,16.3,2.8,Spain,True
rakeem christmas,Rakeem Christmas,2015,36,0.5,-0.2,United States,False
richaun holmes,Richaun Holmes,2015,37,30.7,5.0,United States,False
darrun hilliard,Darrun Hilliard,2015,38,0.3,-0.6,United States,False
juan pablo vaulet,Juan Pablo Vaulet,2015,39,0.0,0.0,United States,False
josh richardson,Josh Richardson,2015,40,27.7,5.5,United States,False
pat connaughton,Pat Connaughton,2015,41,25.3,4.5,United States,False
olivier hanlan,Olivier Hanlan,2015,42,0.0,0.0,United States,False
joe young,Joe Young,2015,43,0.4,-0.6,United States,False
andrew harrison,Andrew Harrison,2015,44,3.2,-0.6,United States,False
marcus thornton,Marcus Thornton,2015,45,0.0,0.0,United States,False
norman powell,Norman Powell,2015,46,36.4,9.2,United States,False
arturas gudaitis,Artūras Gudaitis,2015,47,0.0,0.0,United States,False
dakari johnson,Dakari Johnson,2015,48,0.6,0.1,United States,False
aaron white,Aaron White,2015,49,0.0,0.0,United States,False
marcus eriksson,Marcus Eriksson,2015,50,0.0,0.0,United States,False
tyler harvey,Tyler Harvey,2015,51,0.0,0.0,United States,False
satnam singh,Satnam Singh,2015,52,0.0,0.0,United States,False
sir dominic pointer,Sir'Dominic Pointer,2015,53,0.0,0.0,United States,False
dani diez,Dani Díez,2015,54,0.0,0.0,United States,False
cady lalanne,Cady Lalanne,2015,55,0.0,0.0,United States,False
branden dawson,Branden Dawson,2015,56,0.0,0.0,United States,False
nikola radicevic,Nikola Radičević,2015,57,0.0,0.0,United States,False
j p tokoto,J.P. Tokoto,2015,58,0.0,0.0,United States,False
dimitrios agravanis,Dimitrios Agravanis,2015,59,0.0,0.0,United States,False
luka mitrovic,Luka Mitrović,2015,60,0.0,0.0,United States,False
ben simmons,Ben Simmons,2016,1,35.4,15.0,Australia,True
brandon ingram,Brandon Ingram,2016,2,31.8,10.3,United States,False
jaylen brown,Jaylen Brown,2016,3,47.5,14.1,United States,False
dragan bender,Dragan Bender,2016,4,0.5,-1.9,Croatia,True
kris dunn,Kris Dunn,2016,5,15.7,2.8,United States,False
buddy hield,Buddy Hield,2016,6,28.7,11.7,Bahamas,True
jamal murray,Jamal Murray,2016,7,47.6,16.5,Canada,True
marquese chriss,Marquese Chriss,2016,8,6.5,-0.5,United States,False
jakob poeltl,Jakob Poeltl,2016,9,48.5,11.9,Austria,True
thon maker,Thon Maker,2016,10,6.6,-0.1,South Sudan,True
domantas sabonis,Domantas Sabonis,2016,11,71.0,27.6,United States,False
taurean prince,Taurean Prince,2016,12,15.5,-0.3,United States,False
georgios papagiannis,Georgios Papagiannis,2016,13,0.4,-0.2,Greece,True
denzel valentine,Denzel Valentine,2016,14,4.5,0.2,United States,False
juancho hernangomez,Juancho Hernangómez,2016,15,8.7,0.1,Spain,True
guerschon yabusele,Guerschon Yabusele,2016,16,6.4,0.4,France,True
wade baldwin,Wade Baldwin,2016,17,-0.3,-0.5,United States,False
henry ellenson,Henry Ellenson,2016,18,0.4,-0.3,United States,False
malik beasley,Malik Beasley,2016,19,20.1,3.7,United States,False
caris levert,Caris LeVert,2016,20,25.4,7.0,United States,False
deandre bembry,DeAndre' Bembry,2016,21,4.4,-0.4,United States,False
malachi richardson,Malachi Richardson,2016,22,-0.1,-0.7,United States,False
ante zizic,Ante Žižić,2016,23,3.5,-0.2,Croatia,True
timothe luwawu cabarrot,Timothé Luwawu-Cabarrot,2016,24,4.7,-2.7,France,True
brice johnson,Brice Johnson,2016,25,0.1,0.0,United States,False
furkan korkmaz,Furkan Korkmaz,2016,26,7.6,0.1,Turkey,True
pascal siakam,Pascal Siakam,2016,27,58.1,21.0,Cameroon,True
skal labissiere,Skal Labissière,2016,28,4.5,-0.2,Haiti,True
dejounte murray,Dejounte Murray,2016,29,26.8,12.9,United States,False
damian jones,Damian Jones,2016,30,11.3,1.0,United States,False
deyonta davis,Deyonta Davis,2016,31,3.6,0.0,United States,False
ivica zubac,Ivica Zubac,2016,32,55.5,10.4,Croatia,True
cheick diallo,Cheick Diallo,2016,33,6.3,0.3,Mali,True
tyler ulis,Tyler Ulis,2016,34,0.5,-1.1,United States,False
rade zagorac,Rade Zagorac,2016,35,0.0,0.0,United States,False
malcolm brogdon,Malcolm Brogdon,2016,36,33.4,11.2,United States,False
chinanu onuaku,Chinanu Onuaku,2016,37,0.1,-0.1,United States,False
patrick mccaw,Patrick McCaw,2016,38,4.4,-0.6,United States,False
david michineau,David Michineau,2016,39,0.0,0.0,United States,False
diamond stone,Diamond Stone,2016,40,-0.1,-0.1,United States,False
stephen zimmerman,Stephen Zimmerman,2016,41,0.0,-0.2,United States,False
isaiah whitehead,Isaiah Whitehead,2016,42,-0.9,-1.4,United States,False
zhou qi,Zhou Qi,2016,43,-0.2,-0.2,China,True
isaia cordinier,Isaïa Cordinier,2016,44,0.0,0.0,United States,False
demetrius jackson,Demetrius Jackson,2016,45,0.2,0.1,United States,False
a j hammons,A.J. Hammons,2016,46,0.0,-0.2,United States,False
jake layman,Jake Layman,2016,47,3.8,-0.2,United States,False
paul zipser,Paul Zipser,2016,48,0.0,-1.4,Germany,True
michael gbinije,Michael Gbinije,2016,49,-0.1,-0.1,United States,False
georges niang,Georges Niang,2016,50,15.9,0.7,United States,False
ben bentil,Ben Bentil,2016,51,-0.1,-0.1,Ghana,True
joel bolomboy,Joel Bolomboy,2016,52,0.3,0.0,Russia,True
petr cornelie,Petr Cornelie,2016,53,0.0,-0.1,France,True
kay felder,Kay Felder,2016,54,-0.4,-0.4,United States,False
marcus paige,Marcus Paige,2016,55,0.0,0.0,United States,False
daniel hamilton,Daniel Hamilton,2016,56,0.0,-0.1,United States,False
wang zhelin,Wang Zhelin,2016,57,0.0,0.0,United States,False
abdel nader,Abdel Nader,2016,58,2.8,-0.4,Egypt,True
isaiah cousins,Isaiah Cousins,2016,59,0.0,0.0,United States,False
tyrone wallace,Tyrone Wallace,2016,60,0.1,-1.4,United States,False
markelle fultz,Markelle Fultz,2017,1,8.3,1.1,United States,False
lonzo ball,Lonzo Ball,2017,2,13.3,6.9,United States,False
jayson tatum,Jayson Tatum,2017,3,67.2,30.3,United States,False
josh jackson,Josh Jackson,2017,4,-1.7,-3.1,United States,False
de aaron fox,De'Aaron Fox,2017,5,40.3,15.1,United States,False
jonathan isaac,Jonathan Isaac,2017,6,14.9,4.3,United States,False
lauri markkanen,Lauri Markkanen,2017,7,36.7,12.2,Finland,True
frank ntilikina,Frank Ntilikina,2017,8,0.3,-3.4,France,True
dennis smith,Dennis Smith Jr.,2017,9,2.3,-0.2,United States,False
zach collins,Zach Collins,2017,10,12.4,1.0,United States,False
malik monk,Malik Monk,2017,11,16.1,3.1,United States,False
luke kennard,Luke Kennard,2017,12,28.1,6.3,United States,False
donovan mitchell,Donovan Mitchell,2017,13,60.2,29.4,United States,False
bam adebayo,Bam Adebayo,2017,14,64.0,22.2,United States,False
justin jackson,Justin Jackson,2017,15,5.3,-1.0,United States,False
justin patton,Justin Patton,2017,16,0.4,-0.1,United States,False
d j wilson,D.J. Wilson,2017,17,2.9,-0.2,United States,False
t j leaf,T.J. Leaf,2017,18,2.7,0.1,Israel,True
john collins,John Collins,2017,19,43.8,10.0,United States,False
harry giles,Harry Giles,2017,20,3.1,-0.2,United States,False
terrance ferguson,Terrance Ferguson,2017,21,4.4,-2.1,United States,False
jarrett allen,Jarrett Allen,2017,22,73.1,19.4,United States,False
og anunoby,OG Anunoby,2017,23,37.6,10.5,Great BritainEngland,True
tyler lydon,Tyler Lydon,2017,24,0.2,-0.1,United States,False
anzejs pasecniks,Anžejs Pasečņiks,2017,25,0.4,-0.5,Latvia,True
caleb swanigan,Caleb Swanigan,2017,26,-0.2,-0.7,United States,False
kyle kuzma,Kyle Kuzma,2017,27,16.3,1.8,United States,False
tony bradley,Tony Bradley,2017,28,8.9,1.0,United States,False
derrick white,Derrick White,2017,29,46.7,18.4,United States,False
josh hart,Josh Hart,2017,30,42.8,12.6,United States,False
frank jackson,Frank Jackson,2017,31,2.5,-1.9,United States,False
davon reed,Davon Reed,2017,32,1.5,-0.3,United States,False
wes iwundu,Wes Iwundu,2017,33,4.2,-1.8,United States,False
frank mason,Frank Mason III,2017,34,1.2,-0.3,United States,False
ivan rabb,Ivan Rabb,2017,35,3.2,0.1,United States,False
jonah bolden,Jonah Bolden,2017,36,1.4,0.1,Australia,True
semi ojeleye,Semi Ojeleye,2017,37,5.2,-1.5,United States,False
jordan bell,Jordan Bell,2017,38,4.9,1.1,United States,False
jawun evans,Jawun Evans,2017,39,-0.4,-0.7,United States,False
dwayne bacon,Dwayne Bacon,2017,40,0.8,-3.1,United States,False
tyler dorsey,Tyler Dorsey,2017,41,1.1,-0.5,United States,False
thomas bryant,Thomas Bryant,2017,42,22.7,4.9,United States,False
isaiah hartenstein,Isaiah Hartenstein,2017,43,33.3,9.4,United States,False
damyean dotson,Damyean Dotson,2017,44,3.0,-0.9,United States,False
dillon brooks,Dillon Brooks,2017,45,16.8,-5.2,Canada,True
sterling brown,Sterling Brown,2017,46,6.6,-0.1,United States,False
ike anigbogu,Ike Anigbogu,2017,47,0.0,0.0,United States,False
sindarius thornwell,Sindarius Thornwell,2017,48,1.1,-0.5,United States,False
vlatko cancar,Vlatko Čančar,2017,49,2.4,-0.2,Slovenia,True
mathias lessort,Mathias Lessort,2017,50,0.0,0.0,United States,False
monte morris,Monte Morris,2017,51,24.7,5.6,United States,False
edmond sumner,Edmond Sumner,2017,52,3.2,-0.6,United States,False
kadeem allen,Kadeem Allen,2017,53,1.0,0.1,United States,False
alec peters,Alec Peters,2017,54,0.3,0.0,United States,False
nigel williams goss,Nigel Williams-Goss,2017,55,0.0,0.0,United States,False
jabari bird,Jabari Bird,2017,56,0.2,0.0,United States,False
sasha vezenkov,Sasha Vezenkov,2017,57,1.0,0.1,Bulgaria,True
ognjen jaramaz,Ognjen Jaramaz,2017,58,0.0,0.0,United States,False
jaron blossomgame,Jaron Blossomgame,2017,59,0.3,-0.2,United States,False
alpha kaba,Alpha Kaba,2017,60,0.0,0.0,United States,False
deandre ayton,Deandre Ayton,2018,1,43.8,9.2,Bahamas,True
marvin bagley,Marvin Bagley III,2018,2,16.3,1.5,United States,False
luka doncic,Luka Dončić,2018,3,66.6,44.8,Slovenia,True
jaren jackson,Jaren Jackson Jr.,2018,4,30.2,9.2,United States,False
trae young,Trae Young,2018,5,44.7,19.7,United States,False
mo bamba,Mo Bamba,2018,6,15.7,3.0,United States,False
wendell carter,Wendell Carter Jr.,2018,7,33.3,5.3,United States,False
collin sexton,Collin Sexton,2018,8,19.7,3.0,United States,False
kevin knox,Kevin Knox,2018,9,0.9,-3.4,United States,False
mikal bridges,Mikal Bridges,2018,10,50.0,15.8,United States,False
shai gilgeous alexander,Shai Gilgeous-Alexander,2018,11,75.6,36.9,Canada,True
miles bridges,Miles Bridges,2018,12,27.8,8.2,United States,False
jerome robinson,Jerome Robinson,2018,13,-0.2,-1.2,United States,False
michael porter,Michael Porter Jr.,2018,14,29.4,8.9,United States,False
troy brown,Troy Brown Jr.,2018,15,8.6,0.4,United States,False
zhaire smith,Zhaire Smith,2018,16,0.0,-0.1,United States,False
donte divincenzo,Donte DiVincenzo,2018,17,29.1,10.1,United States,False
lonnie walker,Lonnie Walker IV,2018,18,4.9,-1.0,United States,False
kevin huerter,Kevin Huerter,2018,19,21.7,4.1,United States,False
josh okogie,Josh Okogie,2018,20,14.2,0.6,Nigeria,True
grayson allen,Grayson Allen,2018,21,26.4,6.6,United States,False
chandler hutchison,Chandler Hutchison,2018,22,1.1,-0.9,United States,False
aaron holiday,Aaron Holiday,2018,23,11.6,0.1,United States,False
anfernee simons,Anfernee Simons,2018,24,15.7,2.9,United States,False
moritz wagner,Moritz Wagner,2018,25,17.9,3.4,Germany,True
landry shamet,Landry Shamet,2018,26,15.7,0.4,United States,False
robert williams,Robert Williams,2018,27,28.3,9.6,United States,False
jacob evans,Jacob Evans,2018,28,-0.6,-0.8,United States,False
dzanan musa,Džanan Musa,2018,29,0.0,-0.4,Bosnia and Herzegovina,True
omari spellman,Omari Spellman,2018,30,2.4,0.2,United States,False
elie okobo,Elie Okobo,2018,31,0.5,-0.9,France,True
jevon carter,Jevon Carter,2018,32,9.4,1.0,United States,False
jalen brunson,Jalen Brunson,2018,33,54.2,18.8,United States,False
devonte graham,Devonte' Graham,2018,34,12.7,3.2,United States,False
melvin frazier,Melvin Frazier,2018,35,-0.4,-0.6,United States,False
mitchell robinson,Mitchell Robinson,2018,36,41.0,10.1,United States,False
gary trent,Gary Trent Jr.,2018,37,19.0,1.4,United States,False
khyri thomas,Khyri Thomas,2018,38,0.5,-0.1,United States,False
isaac bonga,Isaac Bonga,2018,39,1.7,-0.7,Germany,True
rodions kurucs,Rodions Kurucs,2018,40,2.3,-0.4,Latvia,True
jarred vanderbilt,Jarred Vanderbilt,2018,41,18.6,3.3,United States,False
bruce brown,Bruce Brown,2018,42,22.9,1.3,United States,False
justin jackson,Justin Jackson,2018,43,0.0,0.0,United States,False
issuf sanon,Issuf Sanon,2018,44,0.0,0.0,United States,False
hamidou diallo,Hamidou Diallo,2018,45,6.2,-0.1,United States,False
de anthony melton,De'Anthony Melton,2018,46,15.0,5.2,United States,False
svi mykhailiuk,Svi Mykhailiuk,2018,47,5.3,-0.6,Ukraine,True
keita bates diop,Keita Bates-Diop,2018,48,7.4,0.5,United States,False
chimezie metu,Chimezie Metu,2018,49,5.7,0.3,United States,False
alize johnson,Alize Johnson,2018,50,1.3,-0.1,United States,False
tony carr,Tony Carr,2018,51,0.0,0.0,United States,False
vince edwards,Vince Edwards,2018,52,0.0,0.0,United States,False
devon hall,Devon Hall,2018,53,-0.2,-0.1,United States,False
shake milton,Shake Milton,2018,54,11.7,-0.1,United States,False
arnoldas kulboka,Arnoldas Kulboka,2018,55,0.0,0.0,Lithuania,True
ray spalding,Ray Spalding,2018,56,0.1,-0.2,United States,False
kevin hervey,Kevin Hervey,2018,57,-0.1,0.0,United States,False
thomas welsh,Thomas Welsh,2018,58,0.1,0.0,United States,False
george king,George King,2018,59,-0.1,-0.1,United States,False
kostas antetokounmpo,Kostas Antetokounmpo,2018,60,-0.2,-0.2,Greece,True
zion williamson,Zion Williamson,2019,1,30.3,14.1,United States,False
ja morant,Ja Morant,2019,2,24.3,11.8,United States,False
rj barrett,RJ Barrett,2019,3,17.3,1.8,Canada,True
de andre hunter,De'Andre Hunter,2019,4,13.1,-2.0,United States,False
darius garland,Darius Garland,2019,5,27.1,7.9,United States,False
jarrett culver,Jarrett Culver,2019,6,-0.1,-1.6,United States,False
coby white,Coby White,2019,7,19.9,1.7,United States,False
jaxson hayes,Jaxson Hayes,2019,8,25.1,3.5,United States,False
rui hachimura,Rui Hachimura,2019,9,18.7,0.1,Japan,True
cam reddish,Cam Reddish,2019,10,3.3,-1.7,United States,False
cameron johnson,Cameron Johnson,2019,11,26.6,8.8,United States,False
p j washington,P.J. Washington,2019,12,16.5,2.6,United States,False
tyler herro,Tyler Herro,2019,13,22.3,9.0,United States,False
romeo langford,Romeo Langford,2019,14,2.0,-0.8,United States,False
sekou doumbouya,Sekou Doumbouya,2019,15,-0.4,-1.8,France,True
chuma okeke,Chuma Okeke,2019,16,5.0,1.0,United States,False
nickeil alexander walker,Nickeil Alexander-Walker,2019,17,16.5,3.7,Canada,True
goga bitadze,Goga Bitadze,2019,18,19.3,4.4,Georgia,True
luka samanic,Luka Šamanić,2019,19,0.0,-0.8,Croatia,True
matisse thybulle,Matisse Thybulle,2019,20,15.4,6.1,United States,False
brandon clarke,Brandon Clarke,2019,21,24.6,7.1,Canada,True
grant williams,Grant Williams,2019,22,17.4,1.0,United States,False
darius bazley,Darius Bazley,2019,23,3.1,-0.6,United States,False
ty jerome,Ty Jerome,2019,24,11.2,3.3,United States,False
nassir little,Nassir Little,2019,25,4.7,-0.5,United States,False
dylan windler,Dylan Windler,2019,26,1.6,0.2,United States,False
mfiondu kabengele,Mfiondu Kabengele,2019,27,0.4,-0.2,Canada,True
jordan poole,Jordan Poole,2019,28,11.4,0.4,United States,False
keldon johnson,Keldon Johnson,2019,29,23.2,3.2,United States,False
kevin porter,Kevin Porter Jr.,2019,30,9.0,2.5,United States,False
nic claxton,Nic Claxton,2019,31,30.9,8.2,United States,False
kz okpala,KZ Okpala,2019,32,1.0,-0.7,United States,False
carsen edwards,Carsen Edwards,2019,33,0.3,-0.5,United States,False
bruno fernando,Bruno Fernando,2019,34,3.8,-0.6,Angola,True
didi louzada,Didi Louzada,2019,35,-0.1,-0.3,Brazil,True
cody martin,Cody Martin,2019,36,7.1,0.3,United States,False
deividas sirvydis,Deividas Sirvydis,2019,37,-0.1,-0.2,Lithuania,True
daniel gafford,Daniel Gafford,2019,38,35.2,8.2,United States,False
alen smailagic,Alen Smailagić,2019,39,0.3,-0.1,Serbia,True
justin james,Justin James,2019,40,0.3,-0.2,United States,False
eric paschall,Eric Paschall,2019,41,5.0,-0.1,United States,False
admiral schofield,Admiral Schofield,2019,42,1.2,-0.9,United States,True
jaylen nowell,Jaylen Nowell,2019,43,4.7,-0.1,United States,False
bol bol,Bol Bol,2019,44,5.0,1.1,South Sudan,True
isaiah roby,Isaiah Roby,2019,45,4.0,-0.2,United States,False
talen horton tucker,Talen Horton-Tucker,2019,46,6.0,0.0,United States,False
ignas brazdeikis,Ignas Brazdeikis,2019,47,0.4,-0.6,Lithuania,True
terance mann,Terance Mann,2019,48,23.3,2.2,United States,False
quinndary weatherspoon,Quinndary Weatherspoon,2019,49,0.2,-0.2,United States,False
jarrell brantley,Jarrell Brantley,2019,50,0.6,0.1,United States,False
tremont waters,Tremont Waters,2019,51,0.1,-0.1,United States,False
jalen mcdaniels,Jalen McDaniels,2019,52,5.3,-1.5,United States,False
justin wright foreman,Justin Wright-Foreman,2019,53,0.0,-0.1,United States,False
marial shayok,Marial Shayok,2019,54,-0.1,-0.1,South Sudan,True
kyle guy,Kyle Guy,2019,55,0.1,-0.3,United States,False
jaylen hands,Jaylen Hands,2019,56,0.0,0.0,United States,False
jordan bone,Jordan Bone,2019,57,0.1,-0.2,United States,False
miye oni,Miye Oni,2019,58,1.0,-0.1,United States,False
dewan hernandez,Dewan Hernandez,2019,59,0.0,-0.1,United States,False
vanja marinkovic,Vanja Marinković,2019,60,0.0,0.0,United States,False
anthony edwards,Anthony Edwards,2020,1,31.4,15.8,United States,False
james wiseman,James Wiseman,2020,2,4.3,-1.5,United States,False
lamelo ball,LaMelo Ball,2020,3,19.8,12.5,United States,False
patrick williams,Patrick Williams,2020,4,8.3,-1.4,United States,False
isaac okoro,Isaac Okoro,2020,5,18.2,-0.8,United States,False
onyeka okongwu,Onyeka Okongwu,2020,6,30.9,6.0,United States,False
killian hayes,Killian Hayes,2020,7,-0.4,-3.0,United States,False
obi toppin,Obi Toppin,2020,8,17.7,5.4,United States,False
deni avdija,Deni Avdija,2020,9,21.7,6.0,Israel,True
jalen smith,Jalen Smith,2020,10,14.6,2.4,United States,False
devin vassell,Devin Vassell,2020,11,16.8,4.4,United States,False
tyrese haliburton,Tyrese Haliburton,2020,12,37.6,18.9,United States,False
kira lewis,Kira Lewis Jr.,2020,13,1.3,-0.6,United States,False
aaron nesmith,Aaron Nesmith,2020,14,11.2,-0.2,United States,False
cole anthony,Cole Anthony,2020,15,10.5,2.5,United States,False
isaiah stewart,Isaiah Stewart,2020,16,19.5,1.2,United States,False
aleksej pokusevski,Aleksej Pokusevski,2020,17,-0.2,-1.0,Serbia,True
josh green,Josh Green,2020,18,11.1,-1.2,Australia,True
saddiq bey,Saddiq Bey,2020,19,20.0,4.3,United States,False
precious achiuwa,Precious Achiuwa,2020,20,14.8,-0.3,Nigeria,True
tyrese maxey,Tyrese Maxey,2020,21,35.1,13.5,United States,False
zeke nnaji,Zeke Nnaji,2020,22,7.5,-0.7,United States,False
leandro bolmaro,Leandro Bolmaro,2020,23,-0.3,-0.5,Argentina,True
r j hampton,R.J. Hampton,2020,24,0.8,-1.4,United States,False
immanuel quickley,Immanuel Quickley,2020,25,27.9,9.2,United States,False
payton pritchard,Payton Pritchard,2020,26,29.4,8.5,United States,False
udoka azubuike,Udoka Azubuike,2020,27,2.0,0.1,Nigeria,True
jaden mcdaniels,Jaden McDaniels,2020,28,23.1,1.5,United States,False
malachi flynn,Malachi Flynn,2020,29,2.9,-0.5,United States,False
desmond bane,Desmond Bane,2020,30,33.0,12.7,United States,False
tyrell terry,Tyrell Terry,2020,31,0.0,0.0,United States,False
vernon carey,Vernon Carey Jr.,2020,32,0.2,-0.2,United States,False
daniel oturu,Daniel Oturu,2020,33,0.3,-0.2,United States,False
theo maledon,Théo Maledon,2020,34,-0.2,-2.4,France,True
xavier tillman,Xavier Tillman Sr.,2020,35,10.3,2.0,United States,False
tyler bey,Tyler Bey,2020,36,0.0,-0.1,United States,False
vit krejci,Vít Krejčí,2020,37,6.9,0.1,Czech Republic,True
saben lee,Saben Lee,2020,38,3.5,0.3,United States,False
elijah hughes,Elijah Hughes,2020,39,-0.4,-0.5,United States,False
robert woodard,Robert Woodard II,2020,40,-0.1,-0.1,United States,False
tre jones,Tre Jones,2020,41,20.3,4.0,United States,False
nick richards,Nick Richards,2020,42,13.9,-1.2,Jamaica,True
jahmi us ramsey,Jahmi'us Ramsey,2020,43,-0.1,-0.3,United States,False
marko simonovic,Marko Simonovic,2020,44,0.0,-0.1,Montenegro,True
jordan nwora,Jordan Nwora,2020,45,3.0,-0.7,United States,False
cj elleby,CJ Elleby,2020,46,0.5,-1.1,United States,False
yam madar,Yam Madar,2020,47,0.0,0.0,United States,False
nico mannion,Nico Mannion,2020,48,0.2,-0.2,Italy,True
isaiah joe,Isaiah Joe,2020,49,19.0,4.6,United States,False
skylar mays,Skylar Mays,2020,50,2.1,0.4,United States,False
justinian jessup,Justinian Jessup,2020,51,0.0,0.0,United States,False
kj martin,KJ Martin,2020,52,12.4,0.4,United States,False
cassius winston,Cassius Winston,2020,53,0.1,-0.1,United States,False
cassius stanley,Cassius Stanley,2020,54,0.0,-0.4,United States,False
jay scrubb,Jay Scrubb,2020,55,-0.1,-0.3,United States,False
grant riller,Grant Riller,2020,56,0.1,0.0,United States,False
reggie perry,Reggie Perry,2020,57,0.4,-0.3,United States,False
paul reed,Paul Reed,2020,58,15.9,3.9,United States,False
jalen harris,Jalen Harris,2020,59,0.3,0.1,United States,False
sam merrill,Sam Merrill,2020,60,10.5,2.3,United States,False
cade cunningham,Cade Cunningham,2021,1,14.9,9.8,United States,False
jalen green,Jalen Green,2021,2,11.0,2.4,United States,False
evan mobley,Evan Mobley,2021,3,34.8,12.1,United States,False
scottie barnes,Scottie Barnes,2021,4,27.2,13.1,United States,False
jalen suggs,Jalen Suggs,2021,5,8.3,3.1,United States,False
josh giddey,Josh Giddey,2021,6,17.2,8.8,Australia,True
jonathan kuminga,Jonathan Kuminga,2021,7,13.0,1.5,Democratic Republic of the Congo,True
franz wagner,Franz Wagner,2021,8,24.2,7.7,Germany,True
davion mitchell,Davion Mitchell,2021,9,10.3,-1.3,United States,False
ziaire williams,Ziaire Williams,2021,10,6.2,-1.5,United States,False
james bouknight,James Bouknight,2021,11,-0.3,-0.9,United States,False
joshua primo,Joshua Primo,2021,12,-0.2,-0.9,Canada,True
chris duarte,Chris Duarte,2021,13,1.9,-0.8,Dominican Republic,True
moses moody,Moses Moody,2021,14,11.6,1.5,United States,False
corey kispert,Corey Kispert,2021,15,11.1,-0.6,United States,False
alperen sengun,Alperen Şengün,2021,16,30.5,13.4,Turkey,True
trey murphy,Trey Murphy III,2021,17,24.4,8.3,United States,False
tre mann,Tre Mann,2021,18,1.9,-1.8,United States,False
kai jones,Kai Jones,2021,19,2.8,0.2,Bahamas,True
jalen johnson,Jalen Johnson,2021,20,15.9,7.2,United States,False
keon johnson,Keon Johnson,2021,21,-0.3,-1.7,United States,False
isaiah jackson,Isaiah Jackson,2021,22,10.3,1.3,United States,False
usman garuba,Usman Garuba,2021,23,2.3,0.2,Spain,True
josh christopher,Josh Christopher,2021,24,0.2,-1.1,United States,False
quentin grimes,Quentin Grimes,2021,25,14.4,2.7,United States,False
bones hyland,Bones Hyland,2021,26,7.4,2.0,United States,False
cam thomas,Cam Thomas,2021,27,5.0,-0.4,United States,False
jaden springer,Jaden Springer,2021,28,1.4,-0.2,United States,False
day ron sharpe,Day'Ron Sharpe,2021,29,11.9,2.0,United States,False
santi aldama,Santi Aldama,2021,30,14.5,4.7,Spain,True
isaiah todd,Isaiah Todd,2021,31,-0.3,-0.3,United States,False
jeremiah robinson earl,Jeremiah Robinson-Earl,2021,32,5.9,-0.4,United States,False
jason preston,Jason Preston,2021,33,0.1,0.0,United States,False
rokas jokubaitis,Rokas Jokubaitis,2021,34,0.0,0.0,United States,False
herbert jones,Herbert Jones,2021,35,16.4,2.6,United States,False
miles mcbride,Miles McBride,2021,36,10.5,2.0,United States,False
jt thor,JT Thor,2021,37,1.2,-1.5,United States,False
ayo dosunmu,Ayo Dosunmu,2021,38,17.5,2.0,United States,False
neemias queta,Neemias Queta,2021,39,14.2,2.8,Portugal,True
jared butler,Jared Butler,2021,40,2.5,0.3,United States,False
joe wieskamp,Joe Wieskamp,2021,41,0.1,-0.2,United States,False
isaiah livers,Isaiah Livers,2021,42,2.0,-0.7,United States,False
greg brown,Greg Brown III,2021,43,0.2,-0.6,United States,False
kessler edwards,Kessler Edwards,2021,44,2.7,-0.5,United States,False
juhann begarin,Juhann Begarin,2021,45,0.0,0.0,United States,False
dalano banton,Dalano Banton,2021,46,2.0,0.4,Canada,True
david johnson,David Johnson,2021,47,0.0,0.0,United States,False
sharife cooper,Sharife Cooper,2021,48,0.4,-0.5,United States,False
marcus zegarowski,Marcus Zegarowski,2021,49,0.0,0.0,United States,False
filip petrusev,Filip Petrušev,2021,50,0.0,0.0,Serbia,True
brandon boston,Brandon Boston Jr.,2021,51,1.0,-1.0,United States,False
luka garza,Luka Garza,2021,52,8.2,1.3,United States,False
charles bassey,Charles Bassey,2021,53,4.5,0.9,Nigeria,True
sandro mamukelashvili,Sandro Mamukelashvili,2021,54,11.4,3.2,United States,False
aaron wiggins,Aaron Wiggins,2021,55,15.0,1.9,United States,False
scottie lewis,Scottie Lewis,2021,56,0.0,0.0,United States,False
balsa koprivica,Balša Koprivica,2021,57,0.0,0.0,United States,False
jericho sims,Jericho Sims,2021,58,10.1,-0.1,United States,False
raiquan gray,RaiQuan Gray,2021,59,0.2,0.1,United States,False
georgios kalaitzakis,Georgios Kalaitzakis,2021,60,-0.1,-0.3,Greece,True
paolo banchero,Paolo Banchero,2022,1,16.1,7.1,United States,False
chet holmgren,Chet Holmgren,2022,2,21.2,7.4,United States,False
jabari smith,Jabari Smith Jr.,2022,3,18.3,1.4,United States,False
keegan murray,Keegan Murray,2022,4,14.1,1.6,United States,False
jaden ivey,Jaden Ivey,2022,5,2.9,-0.6,United States,False
bennedict mathurin,Bennedict Mathurin,2022,6,8.3,-2.2,Canada,True
shaedon sharpe,Shaedon Sharpe,2022,7,5.9,-0.2,Canada,True
dyson daniels,Dyson Daniels,2022,8,15.8,5.3,Australia,True
jeremy sochan,Jeremy Sochan,2022,9,5.4,-1.1,United States,False
johnny davis,Johnny Davis,2022,10,-0.4,-1.3,United States,False
ousmane dieng,Ousmane Dieng,2022,11,2.0,-0.7,France,True
jalen williams,Jalen Williams,2022,12,23.8,8.2,United States,False
jalen duren,Jalen Duren,2022,13,29.5,7.5,United States,False
ochai agbaji,Ochai Agbaji,2022,14,5.5,-1.3,United States,False
mark williams,Mark Williams,2022,15,16.0,3.8,United States,False
aj griffin,AJ Griffin,2022,16,1.8,0.1,United States,False
tari eason,Tari Eason,2022,17,11.8,2.8,United States,False
dalen terry,Dalen Terry,2022,18,3.1,-0.3,United States,False
jake laravia,Jake LaRavia,2022,19,8.2,0.9,United States,False
malaki branham,Malaki Branham,2022,20,0.1,-2.9,United States,False
christian braun,Christian Braun,2022,21,16.4,1.8,United States,False
walker kessler,Walker Kessler,2022,22,17.1,5.1,United States,False
david roddy,David Roddy,2022,23,2.0,-1.4,United States,False
marjon beauchamp,MarJon Beauchamp,2022,24,1.4,-0.7,United States,False
blake wesley,Blake Wesley,2022,25,-0.2,-2.2,United States,False
wendell moore,Wendell Moore Jr.,2022,26,1.0,-0.1,United States,False
nikola jovic,Nikola Jović,2022,27,4.7,0.8,Serbia,True
patrick baldwin,Patrick Baldwin Jr.,2022,28,0.7,-0.3,United States,False
tyty washington,TyTy Washington Jr.,2022,29,-0.2,-0.7,United States,False
peyton watson,Peyton Watson,2022,30,7.8,0.3,United States,False
andrew nembhard,Andrew Nembhard,2022,31,8.9,-0.2,Canada,True
caleb houstan,Caleb Houstan,2022,32,4.2,-0.4,Canada,True
christian koloko,Christian Koloko,2022,33,2.9,-0.6,Cameroon,True
jaylin williams,Jaylin Williams,2022,34,11.7,3.6,United States,False
max christie,Max Christie,2022,35,6.7,-0.6,United States,False
gabriele procida,Gabriele Procida,2022,36,0.0,0.0,United States,False
jaden hardy,Jaden Hardy,2022,37,0.5,-1.8,United States,False
kennedy chandler,Kennedy Chandler,2022,38,0.5,-0.4,United States,False
khalifa diop,Khalifa Diop,2022,39,0.0,0.0,United States,False
bryce mcgowens,Bryce McGowens,2022,40,2.3,-1.7,United States,False
e j liddell,E.J. Liddell,2022,41,0.6,-0.2,United States,False
trevor keels,Trevor Keels,2022,42,-0.1,-0.1,United States,False
moussa diabate,Moussa Diabaté,2022,43,11.4,1.9,France,True
ryan rollins,Ryan Rollins,2022,44,5.1,1.6,United States,False
josh minott,Josh Minott,2022,45,4.0,1.4,United States,False
ismael kamagate,Ismael Kamagate,2022,46,0.0,0.0,United States,False
vince williams,Vince Williams Jr.,2022,47,3.2,0.4,United States,False
kendall brown,Kendall Brown,2022,48,0.1,-0.1,United States,False
isaiah mobley,Isaiah Mobley,2022,49,0.3,0.0,United States,False
matteo spagnolo,Matteo Spagnolo,2022,50,0.0,0.0,United States,False
tyrese martin,Tyrese Martin,2022,51,1.0,-0.5,United States,False
karlo matkovic,Karlo Matković,2022,52,4.3,0.6,Croatia,True
jd davison,JD Davison,2022,53,0.6,0.0,United States,False
yannick nzosa,Yannick Nzosa,2022,54,0.0,0.0,United States,False
gui santos,Gui Santos,2022,55,5.2,0.7,Brazil,True
luke travers,Luke Travers,2022,56,-0.1,-0.2,Australia,True
jabari walker,Jabari Walker,2022,57,6.8,-1.1,United States,False
hugo besson,Hugo Besson,2022,58,0.0,0.0,United States,False
victor wembanyama,Victor Wembanyama,2023,1,17.5,13.0,France,True
brandon miller,Brandon Miller,2023,2,5.7,1.9,United States,False
scoot henderson,Scoot Henderson,2023,3,1.1,-1.8,United States,False
amen thompson,Amen Thompson,2023,4,22.6,8.2,United States,False
ausar thompson,Ausar Thompson,2023,5,11.3,3.6,United States,False
anthony black,Anthony Black,2023,6,6.7,0.5,United States,False
bilal coulibaly,Bilal Coulibaly,2023,7,1.7,-1.8,France,True
jarace walker,Jarace Walker,2023,8,2.5,0.3,United States,False
taylor hendricks,Taylor Hendricks,2023,9,2.4,-0.1,United States,False
cason wallace,Cason Wallace,2023,10,14.4,4.0,United States,False
jett howard,Jett Howard,2023,11,1.4,-0.5,United States,False
dereck lively,Dereck Lively II,2023,12,8.7,2.0,United States,False
gradey dick,Gradey Dick,2023,13,3.1,-2.0,United States,False
jordan hawkins,Jordan Hawkins,2023,14,0.3,-2.2,United States,False
kobe bufkin,Kobe Bufkin,2023,15,-0.2,-0.4,United States,False
keyonte george,Keyonte George,2023,16,4.0,-0.3,United States,False
jalen hood schifino,Jalen Hood-Schifino,2023,17,-0.6,-0.8,United States,False
jaime jaquez,Jaime Jaquez Jr.,2023,18,10.5,1.6,United States,False
brandin podziemski,Brandin Podziemski,2023,19,13.4,3.4,United States,False
cam whitmore,Cam Whitmore,2023,20,3.3,0.8,United States,False
noah clowney,Noah Clowney,2023,21,2.4,-1.0,United States,False
dariq whitehead,Dariq Whitehead,2023,22,-0.1,-0.4,United States,False
kris murray,Kris Murray,2023,23,3.6,-0.6,United States,False
olivier maxence prosper,Olivier-Maxence Prosper,2023,24,3.8,0.4,Canada,True
marcus sasser,Marcus Sasser,2023,25,3.6,0.1,United States,False
ben sheppard,Ben Sheppard,2023,26,4.3,-0.7,United States,False
nick smith,Nick Smith Jr.,2023,27,-1.0,-2.3,United States,False
brice sensabaugh,Brice Sensabaugh,2023,28,2.0,-0.5,United States,False
julian strawther,Julian Strawther,2023,29,2.7,-1.5,United States,False
kobe brown,Kobe Brown,2023,30,2.3,-0.3,United States,False
james nnaji,James Nnaji,2023,31,0.0,0.0,United States,False
jalen pickett,Jalen Pickett,2023,32,2.2,0.0,United States,False
leonard miller,Leonard Miller,2023,33,2.0,0.3,Canada,True
colby jones,Colby Jones,2023,34,0.6,-0.2,United States,False
julian phillips,Julian Phillips,2023,35,2.5,-0.7,United States,False
andre jackson,Andre Jackson Jr.,2023,36,1.8,-1.1,United States,False
hunter tyson,Hunter Tyson,2023,37,0.4,-0.6,United States,False
jordan walsh,Jordan Walsh,2023,38,4.3,0.5,United States,False
mouhamed gueye,Mouhamed Gueye,2023,39,4.1,0.4,Senegal,True
maxwell lewis,Maxwell Lewis,2023,40,-0.2,-0.5,United States,False
amari bailey,Amari Bailey,2023,41,-0.1,-0.1,United States,False
tristan vukcevic,Tristan Vukcevic,2023,42,1.6,0.5,Serbia,True
rayan rupert,Rayan Rupert,2023,43,0.5,-1.9,France,True
sidy cissoko,Sidy Cissoko,2023,44,1.6,-0.8,France,True
gg jackson,GG Jackson II,2023,45,2.6,-0.2,United States,False
seth lundy,Seth Lundy,2023,46,-0.1,-0.1,United States,False
mojave king,Mojave King,2023,47,0.0,0.0,United States,False
jordan miller,Jordan Miller,2023,48,4.0,0.7,United States,False
emoni bates,Emoni Bates,2023,49,-0.2,-0.2,United States,False
keyontae johnson,Keyontae Johnson,2023,50,-0.1,-0.1,United States,False
jalen wilson,Jalen Wilson,2023,51,3.2,-1.9,United States,False
toumani camara,Toumani Camara,2023,52,11.9,1.4,Belgium,True
jaylen clark,Jaylen Clark,2023,53,3.3,0.1,United States,False
jalen slawson,Jalen Slawson,2023,54,0.5,0.1,United States,False
isaiah wong,Isaiah Wong,2023,55,0.0,-0.1,United States,False
tarik biberovic,Tarik Biberovic,2023,56,0.0,0.0,United States,False
trayce jackson davis,Trayce Jackson-Davis,2023,57,9.6,2.3,United States,False
chris livingston,Chris Livingston,2023,58,0.2,-0.3,United States,False
zaccharie risacher,Zaccharie Risacher,2024,1,4.1,-0.9,France,True
alex sarr,Alex Sarr,2024,2,1.3,0.3,France,True
reed sheppard,Reed Sheppard,2024,3,6.6,2.6,United States,False
stephon castle,Stephon Castle,2024,4,6.9,1.4,United States,False
ron holland,Ron Holland,2024,5,4.6,-0.3,United States,False
tidjane salaun,Tidjane Salaün,2024,6,1.5,-0.8,France,True
donovan clingan,Donovan Clingan,2024,7,12.6,3.2,United States,False
rob dillingham,Rob Dillingham,2024,8,-1.0,-1.6,United States,False
zach edey,Zach Edey,2024,9,5.6,0.9,Canada,True
cody williams,Cody Williams,2024,10,-1.0,-2.9,United States,False
matas buzelis,Matas Buzelis,2024,11,4.4,0.4,United States,False
nikola topic,Nikola Topić,2024,12,0.0,-0.3,Serbia,True
devin carter,Devin Carter,2024,13,0.5,-0.2,United States,False
bub carrington,Bub Carrington,2024,14,-0.2,-3.2,United States,False
kel el ware,Kel'el Ware,2024,15,10.3,2.4,United States,False
jared mccain,Jared McCain,2024,16,2.2,0.2,United States,False
dalton knecht,Dalton Knecht,2024,17,3.1,-0.2,United States,False
tristan da silva,Tristan Da Silva,2024,18,5.8,0.4,Germany,True
ja kobe walter,Ja'Kobe Walter,2024,19,4.9,0.4,United States,False
jaylon tyson,Jaylon Tyson,2024,20,4.8,0.9,United States,False
yves missi,Yves Missi,2024,21,6.3,-0.4,Cameroon,True
daron holmes,DaRon Holmes,2024,22,0.4,0.1,United States,False
aj johnson,AJ Johnson,2024,23,-1.3,-1.8,United States,False
kyshawn george,Kyshawn George,2024,24,0.8,-0.7,Canada,True
pacome dadiet,Pacôme Dadiet,2024,25,0.2,-0.2,France,True
dillon jones,Dillon Jones,2024,26,0.9,-0.3,United States,False
terrence shannon,Terrence Shannon Jr.,2024,27,1.6,-0.2,United States,False
ryan dunn,Ryan Dunn,2024,28,3.6,-0.4,United States,False
isaiah collier,Isaiah Collier,2024,29,0.9,-1.7,United States,False
baylor scheierman,Baylor Scheierman,2024,30,4.6,1.0,United States,False
jonathan mogbo,Jonathan Mogbo,2024,31,2.5,0.1,United States,False
kyle filipowski,Kyle Filipowski,2024,32,5.5,0.8,United States,False
tyler smith,Tyler Smith,2024,33,0.4,-0.1,United States,False
tyler kolek,Tyler Kolek,2024,34,1.8,0.2,United States,False
johnny furphy,Johnny Furphy,2024,35,1.0,-0.3,Australia,True
juan nunez,Juan Nunez,2024,36,0.0,0.0,United States,False
bobi klintman,Bobi Klintman,2024,37,0.1,-0.1,Sweden,True
ajay mitchell,Ajay Mitchell,2024,38,6.3,1.5,Belgium,True
jaylen wells,Jaylen Wells,2024,39,5.1,-0.6,United States,False
oso ighodaro,Oso Ighodaro,2024,40,6.3,0.8,United States,False
adem bona,Adem Bona,2024,41,5.2,-0.4,Turkey,True
kj simpson,KJ Simpson,2024,42,-0.6,-0.9,United States,False
nikola djurisic,Nikola Djurisic,2024,43,0.0,0.0,United States,False
pelle larsson,Pelle Larsson,2024,44,5.5,0.2,Sweden,True
jamal shead,Jamal Shead,2024,45,3.5,-0.9,United States,False
cam christie,Cam Christie,2024,46,0.2,-0.3,United States,False
antonio reeves,Antonio Reeves,2024,47,0.6,-0.1,United States,False
harrison ingram,Harrison Ingram,2024,48,0.2,0.0,United States,False
tristen newton,Tristen Newton,2024,49,0.0,0.0,United States,False
enrique freeman,Enrique Freeman,2024,50,0.3,-0.2,United States,False
melvin ajinca,Melvin Ajinça,2024,51,0.0,0.0,United States,False
quinten post,Quinten Post,2024,52,3.5,0.6,Netherlands,True
cam spencer,Cam Spencer,2024,53,6.1,2.0,United States,False
anton watson,Anton Watson,2024,54,0.0,0.0,United States,False
bronny james,Bronny James,2024,55,0.0,-0.5,United States,False
kevin mccullar,Kevin McCullar Jr.,2024,56,0.2,-0.1,United States,False
ulrich chomche,Ulrich Chomche,2024,57,0.0,0.0,Cameroon,True
ariel hukporti,Ariel Hukporti,2024,58,1.3,-0.2,Germany,True
