player_name,country
Player,Nationality
Bruno Fernando,Angola
Leandro Bolmaro,Argentina
Nicolás Brussino,Argentina
Facundo Campazzo,Argentina
Gabriel Deck,Argentina
Carlos Delfino,Argentina
Patricio Garino,Argentina
Manu Ginóbili,Argentina
Walter Herrmann,Argentina
Nicolás Laprovíttola,Argentina
Andrés Nocioni,Argentina
Fabricio Oberto,Argentina
Pablo Prigioni,Argentina
Pepe Sánchez,Argentina
Luis Scola,Argentina
Luca Vildoza,Argentina
Rubén Wolkowyski,Argentina
David Andersen,Australia
Chris Anstey,Australia
Cameron Bairstow,Australia
Aron Baynes,Australia
Andrew Bogut,Australia
Jonah Bolden,Australia
Mark Bradtke,Australia
Ryan Broekhoff,Australia
Xavier Cooks,Australia
Mitch Creek,Australia
Dyson Daniels,Australia
Matthew Dellavedova,Australia
Alex Ducas,Australia
Dante Exum,Australia
Johnny Furphy,Australia
Andrew Gaze,Australia
Josh Giddey,Australia
Josh Green,Australia
Shane Heal,Australia
Isaac Humphries,Australia
Joe Ingles,Australia
Nathan Jawai,Australia
Jock Landale,Australia
Luc Longley,Australia
Will Magnay,Australia
Jack McVeigh,Australia
Patty Mills,Australia
Lachlan Olbrich,Australia
Tyrese Proctor,Australia
Duop Reath,Australia
Luke Schenscher,Australia
Ben Simmons,Australia
Luke Travers,Australia
Jack White,Australia
Rocco Zikarsky,Australia
Jakob Poeltl,Austria
Deandre Ayton,Bahamas
Dexter Cambridge,Bahamas
V. J. Edgecombe,Bahamas
Buddy Hield,Bahamas
Kai Jones,Bahamas
Ian Lockhart,Bahamas
Mychal Thompson,Bahamas
Toumani Camara,Belgium
D.J. Mbenga,Belgium
Ajay Mitchell,Belgium
Džanan Musa,Bosnia and Herzegovina
Jusuf Nurkić,Bosnia and Herzegovina
Aleksandar Radojević,Bosnia and Herzegovina
Mirza Teletović,Bosnia and Herzegovina
Ratko Varda,Bosnia and Herzegovina
Rafael Araújo,Brazil
Leandro Barbosa,Brazil
Bruno Caboclo,Brazil
Vítor Faverani,Brazil
Cristiano Felício,Brazil
Rolando Ferreira,Brazil
Alex Garcia,Brazil
Marcelo Huertas,Brazil
Didi Louzada,Brazil
Fab Melo,Brazil
Nenê,Brazil
Raul Neto,Brazil
Lucas Nogueira,Brazil
Mãozinha Pereira,Brazil
Gui Santos,Brazil
Tiago Splitter,Brazil
Anderson Varejão,Brazil
João Vianna,Brazil
Marquinhos Vieira,Brazil
D'Moi Hodge,British Virgin Islands
Georgi Glouchkov,Bulgaria
Sasha Vezenkov,Bulgaria
Ruben Boumtje-Boumtje,Cameroon
Ulrich Chomche,Cameroon
Christian Koloko,Cameroon
Luc Mbah a Moute,Cameroon
Yves Missi,Cameroon
Pascal Siakam,Cameroon
Kyle Alexander,Canada
Nickeil Alexander-Walker,Canada
Joel Anthony,Canada
Norm Baker,Canada
Dalano Banton,Canada
RJ Barrett,Canada
Anthony Bennett,Canada
Sim Bhullar,Canada
Hank Biasatti,Canada
Khem Birch,Canada
Chris Boucher,Canada
Oshae Brissett,Canada
Dillon Brooks,Canada
Brandon Clarke,Canada
Ron Crevier,Canada
Samuel Dalembert,Canada
Nate Darling,Canada
Luguentz Dort,Canada
Zach Edey,Canada
Tyler Ennis,Canada
Rick Fox,Canada
Kyshawn George,Canada
Shai Gilgeous-Alexander,Canada
Stewart Granger,Canada
Lars Hansen,Canada
Bob Houbregs,Canada
Caleb Houstan,Canada
Cory Joseph,Canada
Kris Joseph,Canada
Mfiondu Kabengele,Canada
AJ Lawson,Canada
Trey Lyles,Canada
Todd MacCulloch,Canada
Jamaal Magloire,Canada
Karim Mané,Canada
Bennedict Mathurin,Canada
Emanuel Miller,Canada
Leonard Miller,Canada
Mychal Mulder,Canada
Jamal Murray,Canada
Steve Nash,Canada
Andrew Nembhard,Canada
Ryan Nembhard,Canada
Andrew Nicholson,Canada
Kelly Olynyk,Canada
Eugene Omoruyi,Canada
Kevin Pangos,Canada
Dwight Powell,Canada
Joshua Primo,Canada
Olivier-Maxence Prosper,Canada
Xavier Rathan-Mayes,Canada
Leo Rautins,Canada
Will Riley,Canada
Jackson Rowe,Canada
Shaedon Sharpe,Canada
Mike Smrek,Canada
Gino Sovran,Canada
Nik Stauskas,Canada
Jahmyl Telfort,Canada
Tristan Thompson,Canada
Ernie Vandeweghe,Canada
Bill Wennington,Canada
Andrew Wiggins,Canada
Lindell Wigginton,Canada
Jim Zoet,Canada
Edy Tavares,Cape Verde
Cui Yongxi,China
Mengke Bateer,China
Sun Yue,China
Wang Zhizhi,China
Yang Hansen,China
Yao Ming,China
Yi Jianlian,China
Zhou Qi,China
Jaime Echenique,Colombia
Dalibor Bagarić,Croatia
Dragan Bender,Croatia
Bojan Bogdanović,Croatia
Duje Dukan,Croatia
Gordan Giriček,Croatia
Mario Hezonja,Croatia
Mario Kasun,Croatia
Toni Kukoč,Croatia
Damir Markota,Croatia
Karlo Matković,Croatia
Dražen Petrović,Croatia
Zoran Planinić,Croatia
Dino Rađa,Croatia
Damjan Rudež,Croatia
Luka Šamanić,Croatia
Dario Šarić,Croatia
Bruno Šundov,Croatia
Žan Tabak,Croatia
Roko Ukić,Croatia
Stojko Vranković,Croatia
Ante Žižić,Croatia
Ivica Zubac,Croatia
Lazaro Borrell,Cuba
Andrés Guibert,Cuba
Vít Krejčí,Czech Republic
Tomáš Satoranský,Czech Republic
Jan Veselý,Czech Republic
Jiří Welsch,Czech Republic
George Zídek,Czech Republic
Bismack Biyombo,Democratic Republic of the Congo
Christian Eyenga,Democratic Republic of the Congo
Jonathan Kuminga,Democratic Republic of the Congo
Emmanuel Mudiay,Democratic Republic of the Congo
Dikembe Mutombo,Democratic Republic of the Congo
Oscar Tshiebwe,Democratic Republic of the Congo
Gabriel Lundberg,Denmark
Garth Joseph,Dominica
Ángel Delgado,Dominican Republic
Chris Duarte,Dominican Republic
Luis Flores,Dominican Republic
Andersson Garcia,Dominican Republic
Francisco García,Dominican Republic
Al Horford,Dominican Republic
Tito Horford,Dominican Republic
David Jones-Garcia,Dominican Republic
Felipe López,Dominican Republic
Luis Montero,Dominican Republic
Alaa Abdelnaby,Egypt
Abdel Nader,Egypt
Henri Drell,Estonia
Martin Müürsepp,Estonia
Lauri Markkanen,Finland
Hanno Möttölä,Finland
Erik Murphy,Finland
Tariq Abdul-Wahad,France
Alexis Ajinça,France
Joël Ayayi,France
Adama Bal,France
Nicolas Batum,France
Rodrigue Beaubois,France
Joan Beringer,France
Malcolm Cazalon,France
Sidy Cissoko,France
Petr Cornelie,France
Bilal Coulibaly,France
Pacôme Dadiet,France
Nando De Colo,France
Moussa Diabaté,France
Boris Diaw,France
Mohamed Diawara,France
Yakhouba Diawara,France
Ousmane Dieng,France
Sekou Doumbouya,France
Noa Essengue,France
Evan Fournier,France
Mickaël Gelabale,France
Rudy Gobert,France
Jaylen Hoard,France
William Howard,France
Damien Inglis,France
Joffrey Lauvergne,France
Timothé Luwawu-Cabarrot,France
Ian Mahinmi,France
Théo Maledon,France
Jérôme Moïso,France
Adam Mokoka,France
Frank Ntilikina,France
Élie Okobo,France
Tony Parker,France
Noah Penda,France
Johan Petro,France
Mickaël Piétrus,France
Vincent Poirier,France
Yves Pons,France
Maxime Raynaud,France
Antoine Rigaudeau,France
Zaccharie Risacher,France
Rayan Rupert,France
Tidjane Salaün,France
Alex Sarr,France
Olivier Sarr,France
Kevin Séraphin,France
Pape Sy,France
Killian Tillie,France
Axel Toupane,France
Armel Traoré,France
Nolan Traoré,France
Ronny Turiaf,France
Victor Wembanyama,France
Guerschon Yabusele,France
Stéphane Lasme,Gabon
Chris Silva,Gabon
Goga Bitadze,Georgia
Zaza Pachulia,Georgia
Tornike Shengelia,Georgia
Vladimir Stepania,Georgia
Nikoloz Tskitishvili,Georgia
Uwe Blab,Germany
Isaac Bonga,Germany
Shawn Bradley,Germany
Tristan da Silva,Germany
Frido Frey,Germany
Elias Harris,Germany
Charlie Hoefer,Germany
Ariel Hukporti,Germany
Maxi Kleber,Germany
Dirk Nowitzki,Germany
Tim Ohlbrecht,Germany
Tibor Pleiß,Germany
Detlef Schrempf,Germany
Dennis Schröder,Germany
Daniel Theis,Germany
Franz Wagner,Germany
Moritz Wagner,Germany
Chris Welp,Germany
Paul Zipser,Germany
Ben Bentil,Ghana
Amida Brimah,Ghana
Nathan Mensah,Ghana
OG Anunoby,Great BritainEngland
Robert Archibald,Great BritainScotland
Steve Bucknall,Great BritainEngland
Luol Deng,Great BritainEngland
James Donaldson,Great BritainEngland
Ndudi Ebi,Great BritainEngland
Tosan Evbuomwan,Great BritainEngland
Joel Freeland,Great BritainEngland
Ben Gordon,Great BritainEngland
Chris Harris,Great BritainEngland
Pops Mensah-Bonsu,Great BritainEngland
Amari Williams,Great BritainEngland
Alex Antetokounmpo,Greece
Giannis Antetokounmpo,Greece
Kostas Antetokounmpo,Greece
Thanasis Antetokounmpo,Greece
Antonis Fotsis,Greece
Andreas Glyniadakis,Greece
Georgios Kalaitzakis,Greece
Naz Mitrou-Long,Greece
Georgios Papagiannis,Greece
Kostas Papanikolaou,Greece
Efthimios Rentzias,Greece
Vassilis Spanoulis,Greece
Jake Tsakalidis,Greece
Moussa Cissé,Guinea
Mamadi Diakite,Guinea
Rawle Marshall,Guyana
Jason Miskiri,Guyana
Yvon Joseph,Haiti
Skal Labissière,Haiti
Olden Polynice,Haiti
Kornél Dávid,Hungary
Pétur Guðmundsson,Iceland
Hamed Haddadi,Iran
Pat Burke,Ireland
Deni Avdija,Israel
Omri Casspi,Israel
T. J. Leaf,Israel
Gal Mekel,Israel
Ben Saraf,Israel
Andrea Bargnani,Italy
Marco Belinelli,Italy
Gigi Datome,Italy
Vincenzo Esposito,Italy
Simone Fontecchio,Italy
Danilo Gallinari,Italy
Nico Mannion,Italy
Nicolò Melli,Italy
Stefano Rusconi,Italy
Omari Johnson,Jamaica
Jerome Jordan,Jamaica
Nick Richards,Jamaica
Rumeal Robinson,Jamaica
Samardo Samuels,Jamaica
Wayne Sappleton,Jamaica
Rui Hachimura,Japan
Yuki Kawamura,Japan
Yuta Tabuse,Japan
Yuta Watanabe,Japan
Dairis Bertāns,Latvia
Dāvis Bertāns,Latvia
Andris Biedriņš,Latvia
Rodions Kurucs,Latvia
Anžejs Pasečņiks,Latvia
Kristaps Porziņģis,Latvia
Gundars Vētra,Latvia
Norvel Pelle,Lebanon
Rony Seikaly,Lebanon
Martynas Andriuškevičius,Lithuania
Ignas Brazdeikis,Lithuania
Zydrunas Ilgauskas,Lithuania
Kasparas Jakučionis,Lithuania
Šarūnas Jasikevičius,Lithuania
Linas Kleiza,Lithuania
Arnoldas Kulboka,Lithuania
Mindaugas Kuzminskas,Lithuania
Arvydas Macijauskas,Lithuania
Šarūnas Marčiulionis,Lithuania
Donatas Motiejūnas,Lithuania
Arvydas Sabonis,Lithuania
Deividas Sirvydis,Lithuania
Darius Songaila,Lithuania
Jonas Valančiūnas,Lithuania
Alvin Jones,Luxembourg
N'Faly Dante,Mali
Cheick Diallo,Mali
Soumaila Samake,Mali
Adama Sanogo,Mali
Gustavo Ayón,Mexico
Jorge Gutiérrez,Mexico
Horacio Llamas,Mexico
Eduardo Nájera,Mexico
Žarko Čabarkapa,Montenegro
Predrag Drobnjak,Montenegro
Nikola Peković,Montenegro
Predrag Savović,Montenegro
Marko Simonović,Montenegro
Slavko Vraneš,Montenegro
Nikola Vučević,Montenegro
Jesse Edwards,Netherlands
Francisco Elson,Netherlands
Tristan Enaruna,Netherlands
Dan Gadzuric,Netherlands
Geert Hammink,Netherlands
Malevy Leons,Netherlands
Swen Nater,Netherlands
Quinten Post,Netherlands
Rik Smits,Netherlands
Steven Adams,New Zealand
Sean Marks,New Zealand
Kirk Penney,New Zealand
Norchad Omier,Nicaragua
Precious Achiuwa,Nigeria
Solomon Alabi,Nigeria
Peter Aluma,Nigeria
Kelenna Azubuike,Nigeria
Udoka Azubuike,Nigeria
Charles Bassey,Nigeria
Yinka Dare,Nigeria
Obinna Ekezie,Nigeria
Festus Ezeli,Nigeria
Chima Moneke,Nigeria
Julius Nwosu,Nigeria
Josh Okogie,Nigeria
Michael Olowokandi,Nigeria
Olumide Oyedeji,Nigeria
Pero Antić,North Macedonia
Torgeir Bryn,Norway
Gary Forbes,Panama
Rubén Garcés,Panama
Stuart Gray,Panama
Marcin Gortat,Poland
Maciej Lampe,Poland
Cezary Trybański,Poland
Neemias Queta,Portugal
Carlos Arroyo,Puerto Rico
J. J. Barea,Puerto Rico
Gian Clavell,Puerto Rico
Guillermo Díaz,Puerto Rico
Butch Lee,Puerto Rico
José Ortiz,Puerto Rico
Peter John Ramos,Puerto Rico
Ramón Rivas,Puerto Rico
Gheorghe Mureșan,Romania
Sergei Bazarevich,Russia
Joel Bolomboy,Russia
Egor Dëmin,Russia
Vladislav Goldin,Russia
Sergey Karasev,Russia
Sasha Kaun,Russia
Viktor Khryapa,Russia
Andrei Kirilenko,Russia
Yaroslav Korolev,Russia
Sergei Monia,Russia
Timofey Mozgov,Russia
Pavel Podkolzin,Russia
Alexey Shved,Russia
Ibou Badji,Senegal
Gorgui Dieng,Senegal
DeSagana Diop,Senegal
Tacko Fall,Senegal
Mouhamed Gueye,Senegal
Hamady N'Diaye,Senegal
Makhtar N'Diaye,Senegal
Mamadou N'Diaye,Senegal
Boniface N'Dong,Senegal
Maurice Ndour,Senegal
Cheikh Samb,Senegal
Mouhamed Sene,Senegal
Pape Sow,Senegal
Miloš Babić,Serbia
Nemanja Bjelica,Serbia
Bogdan Bogdanović,Serbia
Radisav Ćurčić,Serbia
Rastko Cvetković,Serbia
Sasha Danilović,Serbia
Vlade Divac,Serbia
Aleksandar Djordjevic,Serbia
Marko Gudurić,Serbia
Mile Ilić,Serbia
Marko Jarić,Serbia
Nikola Jokić,Serbia
Nikola Jović,Serbia
Nenad Krstić,Serbia
Ognjen Kuzmić,Serbia
Boban Marjanović,Serbia
Vasilije Micić,Serbia
Darko Miličić,Serbia
Nemanja Nedović,Serbia
Žarko Paspalj,Serbia
Sasha Pavlović,Serbia
Kosta Perović,Serbia
Filip Petrušev,Serbia
Aleksej Pokuševski,Serbia
Vladimir Radmanović,Serbia
Miroslav Raduljica,Serbia
Igor Rakočević,Serbia
Željko Rebrača,Serbia
Alen Smailagić,Serbia
Peja Stojaković,Serbia
Dragan Tarlać,Serbia
Miloš Teodosić,Serbia
Nikola Topić,Serbia
Tristan Vukčević,Serbia
Richard Petruška,Slovakia
Primož Brezec,Slovenia
Vlatko Čančar,Slovenia
Luka Dončić,Slovenia
Goran Dragić,Slovenia
Zoran Dragić,Slovenia
Marko Milič,Slovenia
Boštjan Nachbar,Slovenia
Rasho Nesterović,Slovenia
Anthony Randolph,Slovenia
Uroš Slokar,Slovenia
Beno Udrih,Slovenia
Sasha Vujačić,Slovenia
Ha Seung-Jin,South Korea
Deng Adel,South Sudan
Bol Bol,South Sudan
Wenyen Gabriel,South Sudan
Deng Gai,South Sudan
Thon Maker,South Sudan
Khaman Maluach,South Sudan
Mangok Mathiang,South Sudan
Marial Shayok,South Sudan
Álex Abrines,Spain
Santi Aldama,Spain
José Calderón,Spain
Victor Claver,Spain
Rudy Fernández,Spain
Jorge Garbajosa,Spain
Usman Garuba,Spain
Marc Gasol,Spain
Pau Gasol,Spain
Hugo González,Spain
Juancho Hernangómez,Spain
Willy Hernangómez,Spain
Serge Ibaka,Spain
Raül López,Spain
Fernando Martín,Spain
Nikola Mirotić,Spain
Juan Carlos Navarro,Spain
Sergio Rodríguez,Spain
Ricky Rubio,Spain
Manute Bol,Sudan
Jonas Jerebko,Sweden
Bobi Klintman,Sweden
Pelle Larsson,Sweden
Jeff Taylor,Sweden
Clint Capela,Switzerland
Yanic Konan Niederhäuser,Switzerland
Thabo Sefolosha,Switzerland
Hasheem Thabeet,Tanzania
Ken Charles,Trinidad and Tobago
Salah Mejri,Tunisia
Furkan Aldemir,Turkey
Ömer Aşık,Turkey
Onuralp Bitim,Turkey
Adem Bona,Turkey
Semih Erden,Turkey
Enes Freedom,Turkey
Ersan İlyasova,Turkey
Furkan Korkmaz,Turkey
Ibo Kutluay,Turkey
Mehmet Okur,Turkey
Cedi Osman,Turkey
Alperen Şengün,Turkey
Mirsad Türkcan,Turkey
Hedo Türkoğlu,Turkey
Ömer Yurtseven,Turkey
Kyrylo Fesenko,Ukraine
Viacheslav Kravtsov,Ukraine
Alex Len,Ukraine
Slava Medvedenko,Ukraine
Svi Mykhailiuk,Ukraine
Oleksiy Pecherov,Ukraine
Vitaly Potapenko,Ukraine
Max Shulga,Ukraine
Dmytro Skapintsev,Ukraine
Alexander Volkov,Ukraine
Joe Alexander,United States
Hank Beenders,United States
Rolando Blackman,United States
Carlos Boozer,United States
John Brown,United States
Wallace Bryant,United States
Tim Duncan,United States
Kenton Edelin,United States
Joel Embiid,United States
Jo Jo English,United States
Patrick Ewing,United States
Mike Flynn,United States
Adonal Foyle,United States
Donté Greene,United States
George Grimshaw,United States
Ernie Grunfeld,United States
Xavier Henry,United States
Nat Hickey,United States
Kyrie Irving,United States
Reggie Jackson,United States
Steve Kerr,United States
Cozell McQueen,United States
Tom Meschery,United States
Hakeem Olajuwon,United States
Admiral Schofield,United States
Miles Simon,United States
Michael Stewart,United States
Wally Szczerbiak,United States
Cameron Thomas,United States
Kiki Vandeweghe,United States
Duane Washington,United States
Duane Washington Jr.,United States
Dominique Wilkins,United States
Raja Bell,U.S. Virgin Islands
Charles Claxton,U.S. Virgin Islands
Esteban Batista,Uruguay
Carl Herrera,Venezuela
Óscar Torres,Venezuela
Greivis Vásquez,Venezuela
